USE 2109013290_Review;

#JOB
INSERT INTO
	JOB(JOB_CODE, JOB_DESCRIPTION, JOB_CHG_HOUR, JOB_LAST_UPDATE)
VALUES
	(500, "Programmer", 35.75, "2006-11-20"),
    (501, "Systems Analyst", 96.75, "2006-11-20"),
    (502, "Database Designer", 125.00, "2007-03-20"),
    (503, "Electrical Engineer", 84.50, "2007-11-20"),
    (504, "Mechanical Engineer", 67.90, "2007-11-20"),
    (505, "Civil Engineer", 55.78, "2007-11-20"),
    (506, "Clerical Support", 26.87, "2007-11-20"),
    (507, "DSS Analyst", 45.95, "2007-11-20"),
    (508, "Applications Designer", 48.10, "2007-03-20"),
    (509, "Bio Technician", 34.55, "2006-11-20"),
    (510, "General Support", 18.36, "2006-11-20");

#EMPLOYEE
INSERT INTO
	EMPLOYEE(EMP_NUM, EMP_LNAME, EMP_FNAME, EMP_INITIAL, EMP_HIREDAT, JOB_CODE, EMP_YEAR)
VALUES
	(101, "News", "John", "G", "2000-11-08", 502, 4),
    (102, "Senior", "David", "H", "1989-07-12", 502, 15),
    (103, "Arbough", "June", "E", "1996-12-01", 502, 8),
    (104, "Ramoras", "Anne", "K", "1987-11-15", 502, 17),
    (105, "Johnson", "Alice", "K", "1993-02-01", 502, 12),
    (106, "Smithfield", "William", "", "2004-06-22", 502, 0),
    (107, "Alonzo", "Maria", "D", "1993-10-10", 502, 11),
    (108, "Washington", "Ralph", "B", "1991-08-22", 502, 13),
    (109, "Smith", "Larry", "W", "1997-07-18", 502, 7),
    (110, "Olenko", "Gerald", "A", "1995-12-11", 502, 9),
    (111, "Wabash", "Geoff", "B", "1991-04-04", 502, 14),
    (112, "Smithson", "Darlene", "M", "1994-10-23", 502, 10),
    (113, "Joenbrood", "Dalbert", "K", "1996-11-15", 502, 8),
    (114, "Jones", "Annelise", "", "1993-08-20", 502, 11),
    (115, "Bawangi", "Travis", "B", "1992-01-25", 502, 13),
    (116, "Pratt", "Gerald", "L", "1997-03-05", 502, 8),
    (117, "Williamson", "Angie", "H", "1996-06-19", 502, 8),
    (118, "Frommer", "James", "J", "2005-01-04", 502, 0);

#PROJECT
INSERT INTO
	PROJECT(PROJ_NUM, PROJ_NAME, PROJ_VALUE, PROJ_BALANCE, EMP_NUM)
VALUES
	(15, "Evergreen", 1453500.00, 1002350.00, 103),
    (18, "Amber Wave", 3500500.00, 2110346.00, 108),
    (22, "Rolling Tide", 805000.00, 500345.20, 102),
    (25, "Starflight", 2650500.00, 2309880.00, 107);

#ASSIGNMENT
INSERT INTO
	ASSIGNMENT(ASSIGN_NUM, ASSIGN_DATE, PROJ_NUM, EMP_NUM, ASSIGN_JOB, ASSIGN_CHG_HR, ASSIGN_HOURS, ASSIGN_CHARGE)
VALUES
	(1001, "2007-03-22", 18, 103, 503, 84.50, 3.5, 295.75),
    (1002, "2007-03-22", 22, 117, 509, 34.55, 4.2, 145.11),
    (1003, "2007-03-22", 18, 117, 509, 34.55, 2.0, 69.10),
    (1004, "2007-03-22", 18, 103, 503, 84.50, 5.9, 498.55),
    (1005, "2007-03-22", 25, 108, 501, 96.75, 2.2, 212.85),
    (1006, "2007-03-22", 22, 104, 501, 96.75, 4.2, 406.35),
    (1007, "2007-03-22", 25, 113, 508, 50.75, 3.8, 192.85),
    (1008, "2007-03-22", 18, 103, 503, 84.50, 0.9, 76.05),
    (1009, "2007-03-23", 15, 115, 501, 96.75, 5.6, 541.80),
    (1010, "2007-03-23", 15, 117, 509, 34.55, 2.4, 82.92),
    (1011, "2007-03-23", 25, 105, 502, 105.00, 4.3, 451.50),
    (1012, "2007-03-23", 18, 108, 501, 96.75, 3.4, 328.95),
    (1013, "2007-03-23", 25, 115, 501, 96.75, 2.0, 193.50),
    (1014, "2007-03-23", 22, 104, 501, 96.75, 2.8, 270.90),
    (1015, "2007-03-23", 15, 103, 503, 84.50, 6.1, 515.45),
    (1016, "2007-03-23", 22, 105, 502, 105.00, 4.7, 493.50),
    (1017, "2007-03-23", 18, 117, 509, 34.55, 3.8, 131.29),
    (1018, "2007-03-23", 25, 117, 509, 34.55, 2.2, 76.01),
    (1019, "2007-03-24", 25, 104, 501, 110.50, 4.9, 541.45),
    (1020, "2007-03-24", 15, 101, 502, 125.00, 3.1, 387.50),
    (1021, "2007-03-24", 22, 108, 501, 110.50, 2.7, 298.35),
    (1022, "2007-03-24", 22, 105, 501, 110.50, 4.9, 541.45),
    (1023, "2007-03-24", 22, 105, 502, 125.00, 3.5, 437.50),
    (1024, "2007-03-24", 15, 103, 503, 84.50, 3.3, 278.85),
    (1025, "2007-03-24", 18, 117, 509, 34.55, 4.2, 145.11);